query_id,question,dataset,reference_sql,generated_sql,expected_intent,predicted_intent,intent_match,valid_sql,execution_success,result_match,exact_sql_match,gen_time_ms,exec_time_ms,error_category,error_message
1,How many houses have air conditioning?,housing,SELECT COUNT(*) FROM housing WHERE airconditioning='yes',"SELECT COUNT(*) FROM ""housing"" WHERE ""airconditioning"" = 'yes'",COUNT,COUNT,True,True,True,True,False,0.01,0.49,unknown,
2,"Can you tell me how many properties are priced above 5,000,000?",housing,SELECT COUNT(*) FROM housing WHERE price>5000000,"SELECT COUNT(*) FROM ""housing"" WHERE ""price"" > 5000000",COUNT,COUNT,True,True,True,True,False,0.01,0.43,unknown,
3,"How many houses are over the 10,000,000 mark?",housing,SELECT COUNT(*) FROM housing WHERE price>10000000,"SELECT COUNT(*) FROM ""housing""",COUNT,COUNT,True,True,True,False,False,0.01,0.5,result_mismatch,
4,I'd like to know how many houses have exactly 3 bedrooms.,housing,SELECT COUNT(*) FROM housing WHERE bedrooms=3,"SELECT COUNT(*) FROM ""housing"" WHERE ""bedrooms"" = 3",COUNT,COUNT,True,True,True,True,False,0.01,0.81,unknown,
5,Could you check how many houses have 4 or more bedrooms?,housing,SELECT COUNT(*) FROM housing WHERE bedrooms>=4,"SELECT COUNT(*) FROM ""housing"" WHERE ""bedrooms"" >= 4",COUNT,COUNT,True,True,True,True,False,0.01,0.46,unknown,
6,What's the number of houses without a basement?,housing,SELECT COUNT(*) FROM housing WHERE basement='no',"SELECT COUNT(*) FROM ""housing"" WHERE ""basement"" = 'no'",COUNT,COUNT,True,True,True,True,False,0.01,0.45,unknown,
7,How many houses have a basement?,housing,SELECT COUNT(*) FROM housing WHERE basement='yes',"SELECT COUNT(*) FROM ""housing"" WHERE ""basement"" = 'yes'",COUNT,COUNT,True,True,True,True,False,0.01,0.95,unknown,
8,Can you tell me how many houses are on the main road?,housing,SELECT COUNT(*) FROM housing WHERE mainroad='yes',"SELECT COUNT(*) FROM ""housing""",COUNT,COUNT,True,True,True,False,False,0.0,0.39,result_mismatch,
9,How many houses have hot water heating installed?,housing,SELECT COUNT(*) FROM housing WHERE hotwaterheating='yes',"SELECT COUNT(*) FROM ""housing"" WHERE ""hotwaterheating"" = 'yes'",COUNT,COUNT,True,True,True,True,False,0.01,0.49,unknown,
10,How many properties are located in a preferred area?,housing,SELECT COUNT(*) FROM housing WHERE prefarea='yes',"SELECT COUNT(*) FROM ""housing""",COUNT,COUNT,True,True,True,False,False,0.0,0.34,result_mismatch,
11,How many houses have a guest room?,housing,SELECT COUNT(*) FROM housing WHERE guestroom='yes',"SELECT COUNT(*) FROM ""housing""",COUNT,COUNT,True,True,True,False,False,0.01,0.58,result_mismatch,
12,How many houses are fully furnished?,housing,SELECT COUNT(*) FROM housing WHERE furnishingstatus='furnished',"SELECT COUNT(*) FROM ""housing"" WHERE ""furnishingstatus"" = 'furnished'",COUNT,COUNT,True,True,True,True,False,0.05,0.63,unknown,
13,How many houses are semi-furnished?,housing,SELECT COUNT(*) FROM housing WHERE furnishingstatus='semi-furnished',"SELECT COUNT(*) FROM ""housing"" WHERE ""furnishingstatus"" = 'semi-furnished'",COUNT,COUNT,True,True,True,True,False,0.01,0.44,unknown,
14,How many houses are completely unfurnished?,housing,SELECT COUNT(*) FROM housing WHERE furnishingstatus='unfurnished',"SELECT COUNT(*) FROM ""housing"" WHERE ""furnishingstatus"" = 'unfurnished'",COUNT,COUNT,True,True,True,True,False,0.01,0.45,unknown,
15,Can you find how many houses have no parking space at all?,housing,SELECT COUNT(*) FROM housing WHERE parking=0,"SELECT COUNT(*) FROM ""housing""",COUNT,COUNT,True,True,True,False,False,0.01,1.12,result_mismatch,
16,How many houses have 2 parking spots?,housing,SELECT COUNT(*) FROM housing WHERE parking=2,"SELECT COUNT(*) FROM ""housing"" WHERE ""parking"" = 2",COUNT,COUNT,True,True,True,True,False,0.01,0.6,unknown,
17,How many houses have exactly 2 stories?,housing,SELECT COUNT(*) FROM housing WHERE stories=2,"SELECT COUNT(*) FROM ""housing"" WHERE ""stories"" = 2",COUNT,COUNT,True,True,True,True,False,0.01,0.44,unknown,
18,How many houses have air conditioning and are also on the main road?,housing,SELECT COUNT(*) FROM housing WHERE airconditioning='yes' AND mainroad='yes',"SELECT COUNT(*) FROM ""housing"" WHERE ""airconditioning"" = 'yes'",COUNT,COUNT,True,True,True,False,False,0.01,0.36,result_mismatch,
19,"How many houses cost between 3,000,000 and 6,000,000?",housing,SELECT COUNT(*) FROM housing WHERE price BETWEEN 3000000 AND 6000000,"SELECT COUNT(*) FROM ""housing"" WHERE ""price"" BETWEEN 3000000 AND 6000000",COUNT,COUNT,True,True,True,True,False,0.01,0.53,unknown,
20,How many houses have an area between 4000 and 8000 square feet?,housing,SELECT COUNT(*) FROM housing WHERE area BETWEEN 4000 AND 8000,"SELECT COUNT(*) FROM ""housing"" WHERE ""area"" BETWEEN 4000 AND 8000",COUNT,COUNT,True,True,True,True,False,0.01,0.52,unknown,
21,What's the average house price?,housing,SELECT AVG(price) FROM housing,"SELECT AVG(""price"") FROM ""housing""",AVG,AVG,True,True,True,True,False,0.01,0.54,unknown,
22,"On average, how much do houses with air conditioning cost?",housing,SELECT AVG(price) FROM housing WHERE airconditioning='yes',"SELECT AVG(""price"") FROM ""housing"" WHERE ""airconditioning"" = 'yes'",AVG,AVG,True,True,True,True,False,0.05,0.98,unknown,
23,"On average, how much do houses without air conditioning cost?",housing,SELECT AVG(price) FROM housing WHERE airconditioning='no',"SELECT AVG(""price"") FROM ""housing"" WHERE ""airconditioning"" = 'no'",AVG,AVG,True,True,True,True,False,0.01,0.39,unknown,
24,Can you find the average area of the houses?,housing,SELECT AVG(area) FROM housing,"SELECT AVG(""area"") FROM ""housing""",AVG,AVG,True,True,True,True,False,0.01,0.51,unknown,
25,What's the average number of bedrooms across all houses?,housing,SELECT AVG(bedrooms) FROM housing,"SELECT AVG(""bedrooms"") FROM ""housing""",AVG,AVG,True,True,True,True,False,0.0,0.37,unknown,
26,"On average, how many bathrooms do these houses have?",housing,SELECT AVG(bathrooms) FROM housing,"SELECT AVG(""bathrooms"") FROM ""housing""",AVG,AVG,True,True,True,True,False,0.01,0.69,unknown,
27,What's the average price of furnished houses?,housing,SELECT AVG(price) FROM housing WHERE furnishingstatus='furnished',"SELECT AVG(""price"") FROM ""housing"" WHERE ""furnishingstatus"" = 'furnished'",AVG,AVG,True,True,True,True,False,0.01,0.8,unknown,
28,What's the average price of unfurnished houses?,housing,SELECT AVG(price) FROM housing WHERE furnishingstatus='unfurnished',"SELECT AVG(""price"") FROM ""housing"" WHERE ""furnishingstatus"" = 'unfurnished'",AVG,AVG,True,True,True,True,False,0.01,0.52,unknown,
29,"On average, how much does a house in a preferred area cost?",housing,SELECT AVG(price) FROM housing WHERE prefarea='yes',"SELECT AVG(""area"") FROM ""housing""",AVG,AVG,True,True,True,False,False,0.01,0.51,result_mismatch,
30,What's the average area of houses that have a basement?,housing,SELECT AVG(area) FROM housing WHERE basement='yes',"SELECT AVG(""area"") FROM ""housing"" WHERE ""basement"" = 'yes'",AVG,AVG,True,True,True,True,False,0.01,0.45,unknown,
31,What's the highest house price?,housing,SELECT MAX(price) FROM housing,"SELECT MAX(""price"") FROM ""housing""",MAX,MAX,True,True,True,True,False,0.01,0.64,unknown,
32,Which house has the lowest price?,housing,SELECT MIN(price) FROM housing,"SELECT MIN(""price"") FROM ""housing""",MIN,MIN,True,True,True,True,False,0.01,0.55,unknown,
33,What's the largest house area in the dataset?,housing,SELECT MAX(area) FROM housing,"SELECT MAX(""area"") FROM ""housing""",MAX,MAX,True,True,True,True,False,0.01,0.42,unknown,
34,What's the smallest house area recorded?,housing,SELECT MIN(area) FROM housing,"SELECT MIN(""area"") FROM ""housing""",MIN,MIN,True,True,True,True,False,0.02,0.68,unknown,
35,What's the maximum number of bedrooms any house has?,housing,SELECT MAX(bedrooms) FROM housing,"SELECT MAX(""bedrooms"") FROM ""housing""",MAX,MAX,True,True,True,True,False,0.01,0.35,unknown,
36,What's the maximum number of stories a house has?,housing,SELECT MAX(stories) FROM housing,"SELECT MAX(""stories"") FROM ""housing""",MAX,MAX,True,True,True,True,False,0.01,0.54,unknown,
37,What's the highest price among unfurnished houses?,housing,SELECT MAX(price) FROM housing WHERE furnishingstatus='unfurnished',"SELECT MAX(""price"") FROM ""housing"" WHERE ""furnishingstatus"" = 'unfurnished'",MAX,MAX,True,True,True,True,False,0.01,0.47,unknown,
38,What's the lowest price among houses with air conditioning?,housing,SELECT MIN(price) FROM housing WHERE airconditioning='yes',"SELECT MIN(""price"") FROM ""housing"" WHERE ""airconditioning"" = 'yes'",MIN,MIN,True,True,True,True,False,0.01,0.46,unknown,
39,How much do all the house prices add up to?,housing,SELECT SUM(price) FROM housing,"SELECT SUM(""price"") FROM ""housing""",SUM,SUM,True,True,True,True,False,0.02,1.02,unknown,
40,Can you calculate the total area covered by all the houses combined?,housing,SELECT SUM(area) FROM housing,"SELECT SUM(""area"") FROM ""housing""",SUM,SUM,True,True,True,True,False,0.01,0.5,unknown,
41,What's the combined price of all furnished houses?,housing,SELECT SUM(price) FROM housing WHERE furnishingstatus='furnished',"SELECT SUM(""price"") FROM ""housing"" WHERE ""furnishingstatus"" = 'furnished'",SUM,SUM,True,True,True,True,False,0.01,0.43,unknown,
42,What's the total number of parking spots across all houses?,housing,SELECT SUM(parking) FROM housing,"SELECT COUNT(*) FROM ""housing""",SUM,COUNT,False,True,True,False,False,0.01,0.51,intent_error,
43,Which furnishing status appears most often in the dataset?,housing,SELECT furnishingstatus FROM housing GROUP BY furnishingstatus ORDER BY COUNT(*) DESC LIMIT 1,"SELECT * FROM ""housing""",COUNT,SELECT,False,True,True,False,False,0.0,1.73,intent_error,
44,How many bedrooms does the most common house configuration have?,housing,SELECT bedrooms FROM housing GROUP BY bedrooms ORDER BY COUNT(*) DESC LIMIT 1,"SELECT COUNT(*) FROM ""housing""",COUNT,COUNT,True,True,True,False,False,0.01,0.45,result_mismatch,
45,Which number of parking spaces is most common among these houses?,housing,SELECT parking FROM housing GROUP BY parking ORDER BY COUNT(*) DESC LIMIT 1,"SELECT COUNT(*) FROM ""housing""",COUNT,COUNT,True,True,True,False,False,0.01,1.0,result_mismatch,
46,Can you show me the price of the most expensive house?,housing,SELECT price FROM housing ORDER BY price DESC LIMIT 1,"SELECT * FROM ""housing""",SELECT,SELECT,True,True,True,False,False,0.0,1.92,result_mismatch,
47,What's the area of the cheapest house in the dataset?,housing,SELECT area FROM housing ORDER BY price ASC LIMIT 1,"SELECT AVG(""area"") FROM ""housing""",SELECT,AVG,False,True,True,False,False,0.01,0.65,intent_error,
48,How many distinct furnishing statuses are there?,housing,SELECT COUNT(DISTINCT furnishingstatus) FROM housing,"SELECT COUNT(*) FROM ""housing""",COUNT,COUNT,True,True,True,False,False,0.03,0.57,result_mismatch,
49,How many different bedroom counts appear in the dataset?,housing,SELECT COUNT(DISTINCT bedrooms) FROM housing,"SELECT COUNT(*) FROM ""housing""",COUNT,COUNT,True,True,True,False,False,0.01,0.64,result_mismatch,
50,How many houses have both a guest room and a basement?,housing,SELECT COUNT(*) FROM housing WHERE guestroom='yes' AND basement='yes',"SELECT COUNT(*) FROM ""housing""",COUNT,COUNT,True,True,True,False,False,0.01,0.59,result_mismatch,
51,How many houses have neither air conditioning nor hot water heating?,housing,SELECT COUNT(*) FROM housing WHERE airconditioning='no' AND hotwaterheating='no',"SELECT COUNT(*) FROM ""housing""",COUNT,COUNT,True,True,True,False,False,0.01,0.48,result_mismatch,
52,"How many houses priced under 2,500,000 are there?",housing,SELECT COUNT(*) FROM housing WHERE price<2500000,"SELECT COUNT(*) FROM ""housing"" WHERE ""price"" < 2500000",COUNT,COUNT,True,True,True,True,False,0.01,0.6,unknown,
53,How many houses have fewer than 2 bathrooms?,housing,SELECT COUNT(*) FROM housing WHERE bathrooms<2,"SELECT COUNT(*) FROM ""housing"" WHERE ""bathrooms"" = 2",COUNT,COUNT,True,True,True,False,False,0.02,1.01,result_mismatch,
54,How many houses have more than one bathroom?,housing,SELECT COUNT(*) FROM housing WHERE bathrooms>1,"SELECT COUNT(*) FROM ""housing""",COUNT,COUNT,True,True,True,False,False,0.01,1.57,result_mismatch,
55,What's the average price of houses with 2 or fewer parking spots?,housing,SELECT AVG(price) FROM housing WHERE parking<=2,"SELECT AVG(""price"") FROM ""housing"" WHERE ""parking"" <= 2",AVG,AVG,True,True,True,True,False,0.01,0.43,unknown,
56,How many semi-furnished houses have air conditioning?,housing,SELECT COUNT(*) FROM housing WHERE furnishingstatus='semi-furnished' AND airconditioning='yes',"SELECT COUNT(*) FROM ""housing"" WHERE ""furnishingstatus"" = 'semi-furnished' AND ""airconditioning"" = 'yes'",COUNT,COUNT,True,True,True,True,False,0.01,0.45,unknown,
57,"What's the average area of houses priced above 7,000,000?",housing,SELECT AVG(area) FROM housing WHERE price>7000000,"SELECT AVG(""area"") FROM ""housing"" WHERE ""price"" > 7000000",AVG,AVG,True,True,True,True,False,0.02,0.92,unknown,
58,How many houses have 3 stories or more?,housing,SELECT COUNT(*) FROM housing WHERE stories>=3,"SELECT COUNT(*) FROM ""housing"" WHERE ""stories"" >= 3",COUNT,COUNT,True,True,True,True,False,0.01,0.42,unknown,
59,What's the total number of houses in the dataset?,housing,SELECT COUNT(*) FROM housing,"SELECT COUNT(*) FROM ""housing""",COUNT,COUNT,True,True,True,True,False,0.0,0.47,unknown,
60,How many houses are not located in a preferred area?,housing,SELECT COUNT(*) FROM housing WHERE prefarea='no',"SELECT COUNT(*) FROM ""housing""",COUNT,COUNT,True,True,True,False,False,0.01,1.33,result_mismatch,
61,What's the average number of stories for furnished houses?,housing,SELECT AVG(stories) FROM housing WHERE furnishingstatus='furnished',"SELECT AVG(""stories"") FROM ""housing"" WHERE ""furnishingstatus"" = 'furnished'",AVG,AVG,True,True,True,True,False,0.01,0.45,unknown,
62,Could you show me the highest price among houses with 2 stories?,housing,SELECT MAX(price) FROM housing WHERE stories=2,"SELECT MAX(""price"") FROM ""housing"" WHERE ""stories"" = 2",MAX,MAX,True,True,True,True,False,0.01,0.5,unknown,
63,How many houses have 5 or 6 bedrooms?,housing,"SELECT COUNT(*) FROM housing WHERE bedrooms IN (5,6)","SELECT COUNT(*) FROM ""housing"" WHERE ""bedrooms"" = 6",COUNT,COUNT,True,True,True,False,False,0.09,1.65,result_mismatch,
64,What's the minimum area among houses that are on the main road?,housing,SELECT MIN(area) FROM housing WHERE mainroad='yes',"SELECT MIN(""area"") FROM ""housing""",MIN,MIN,True,True,True,False,False,0.01,0.44,result_mismatch,
65,How many unfurnished houses lack a main road connection?,housing,SELECT COUNT(*) FROM housing WHERE furnishingstatus='unfurnished' AND mainroad='no',"SELECT COUNT(*) FROM ""housing"" WHERE ""furnishingstatus"" = 'unfurnished'",COUNT,COUNT,True,True,True,False,False,0.01,0.44,result_mismatch,
66,What's the average price of houses with exactly 1 story?,housing,SELECT AVG(price) FROM housing WHERE stories=1,"SELECT AVG(""price"") FROM ""housing"" WHERE ""stories"" = 1",AVG,AVG,True,True,True,True,False,0.01,2.09,unknown,
67,"How many houses cost more than 5,000,000 and have air conditioning?",housing,SELECT COUNT(*) FROM housing WHERE price>5000000 AND airconditioning='yes',"SELECT COUNT(*) FROM ""housing"" WHERE ""airconditioning"" = 'yes' AND ""price"" > 5000000",COUNT,COUNT,True,True,True,True,False,0.01,0.48,unknown,
68,How many students are there in total?,student_performance,SELECT COUNT(*) FROM student_performance,"SELECT SUM(""StudentID"") FROM ""student_performance""",COUNT,SUM,False,True,True,False,False,0.01,3.46,intent_error,
69,I'd like to know the number of students with a GPA above 3.,student_performance,SELECT COUNT(*) FROM student_performance WHERE GPA>3,"SELECT COUNT(*) FROM ""student_performance"" WHERE ""GPA"" > 3",COUNT,COUNT,True,True,True,True,False,0.01,0.59,unknown,
70,How many students have a GPA below 2?,student_performance,SELECT COUNT(*) FROM student_performance WHERE GPA<2,"SELECT COUNT(*) FROM ""student_performance"" WHERE ""GPA"" < 2",COUNT,COUNT,True,True,True,True,False,0.24,2.43,unknown,
71,Can you tell me how many students receive tutoring?,student_performance,SELECT COUNT(*) FROM student_performance WHERE Tutoring=1,"SELECT COUNT(*) FROM ""student_performance""",COUNT,COUNT,True,True,True,False,False,0.0,0.42,result_mismatch,
72,How many students do not receive tutoring?,student_performance,SELECT COUNT(*) FROM student_performance WHERE Tutoring=0,"SELECT COUNT(*) FROM ""student_performance""",COUNT,COUNT,True,True,True,False,False,0.01,1.09,result_mismatch,
73,How many students participate in extracurricular activities?,student_performance,SELECT COUNT(*) FROM student_performance WHERE Extracurricular=1,"SELECT COUNT(*) FROM ""student_performance""",COUNT,COUNT,True,True,True,False,False,0.01,0.63,result_mismatch,
74,How many students play sports?,student_performance,SELECT COUNT(*) FROM student_performance WHERE Sports=1,"SELECT COUNT(*) FROM ""student_performance""",COUNT,COUNT,True,True,True,False,False,0.01,1.64,result_mismatch,
75,Could you check how many students are involved in music?,student_performance,SELECT COUNT(*) FROM student_performance WHERE Music=1,"SELECT COUNT(*) FROM ""student_performance""",COUNT,COUNT,True,True,True,False,False,0.0,0.47,result_mismatch,
76,How many students do volunteering work?,student_performance,SELECT COUNT(*) FROM student_performance WHERE Volunteering=1,"SELECT COUNT(*) FROM ""student_performance""",COUNT,COUNT,True,True,True,False,False,0.0,0.49,result_mismatch,
77,How many students have more than 10 absences?,student_performance,SELECT COUNT(*) FROM student_performance WHERE Absences>10,"SELECT COUNT(*) FROM ""student_performance"" WHERE ""Absences"" > 10",COUNT,COUNT,True,True,True,True,False,0.01,0.65,unknown,
78,How many students have fewer than 5 absences?,student_performance,SELECT COUNT(*) FROM student_performance WHERE Absences<5,"SELECT COUNT(*) FROM ""student_performance"" WHERE ""StudentID"" < 5",COUNT,COUNT,True,True,True,False,False,0.01,0.77,result_mismatch,
79,How many students have zero absences?,student_performance,SELECT COUNT(*) FROM student_performance WHERE Absences=0,"SELECT COUNT(*) FROM ""student_performance""",COUNT,COUNT,True,True,True,False,False,0.0,0.64,result_mismatch,
80,How many students fall into GradeClass 4 (the lowest grade)?,student_performance,SELECT COUNT(*) FROM student_performance WHERE GradeClass=4,"SELECT COUNT(*) FROM ""student_performance"" WHERE ""GradeClass"" = 4",COUNT,COUNT,True,True,True,True,False,0.02,1.83,unknown,
81,"How many students are in GradeClass 0, the top grade band?",student_performance,SELECT COUNT(*) FROM student_performance WHERE GradeClass=0,"SELECT COUNT(*) FROM ""student_performance"" WHERE ""GradeClass"" = 0",COUNT,COUNT,True,True,True,True,False,0.01,0.76,unknown,
82,How many students study more than 15 hours a week?,student_performance,SELECT COUNT(*) FROM student_performance WHERE StudyTimeWeekly>15,"SELECT COUNT(*) FROM ""student_performance"" WHERE ""StudentID"" > 15",COUNT,COUNT,True,True,True,False,False,0.01,1.01,result_mismatch,
83,How many students study less than 5 hours a week?,student_performance,SELECT COUNT(*) FROM student_performance WHERE StudyTimeWeekly<5,"SELECT COUNT(*) FROM ""student_performance"" WHERE ""StudentID"" < 5",COUNT,COUNT,True,True,True,False,False,0.01,0.5,result_mismatch,
84,How many students are 18 years old?,student_performance,SELECT COUNT(*) FROM student_performance WHERE Age=18,"SELECT COUNT(*) FROM ""student_performance"" WHERE ""Age"" = 18",COUNT,COUNT,True,True,True,True,False,0.01,0.98,unknown,
85,How many students are younger than 16?,student_performance,SELECT COUNT(*) FROM student_performance WHERE Age<16,"SELECT COUNT(*) FROM ""student_performance"" WHERE ""Age"" < 16",COUNT,COUNT,True,True,True,True,False,0.01,0.56,unknown,
86,How many students have the highest level of parental support (level 4)?,student_performance,SELECT COUNT(*) FROM student_performance WHERE ParentalSupport=4,"SELECT MAX(""StudentID"") FROM ""student_performance"" WHERE ""Sports"" = 4",COUNT,MAX,False,True,True,False,False,0.01,0.9,intent_error,
87,How many students report no parental support at all?,student_performance,SELECT COUNT(*) FROM student_performance WHERE ParentalSupport=0,"SELECT COUNT(*) FROM ""student_performance""",COUNT,COUNT,True,True,True,False,False,0.0,0.48,result_mismatch,
88,What's the average GPA across all students?,student_performance,SELECT AVG(GPA) FROM student_performance,"SELECT AVG(""GPA"") FROM ""student_performance""",AVG,AVG,True,True,True,True,False,0.01,0.93,unknown,
89,"On average, how many hours do students study per week?",student_performance,SELECT AVG(StudyTimeWeekly) FROM student_performance,"SELECT AVG(""StudentID"") FROM ""student_performance""",AVG,AVG,True,True,True,False,False,0.01,0.88,result_mismatch,
90,What's the average number of absences per student?,student_performance,SELECT AVG(Absences) FROM student_performance,"SELECT AVG(""Absences"") FROM ""student_performance""",AVG,AVG,True,True,True,True,False,0.01,2.39,unknown,
91,"On average, what GPA do students who receive tutoring have?",student_performance,SELECT AVG(GPA) FROM student_performance WHERE Tutoring=1,"SELECT AVG(""GPA"") FROM ""student_performance""",AVG,AVG,True,True,True,False,False,0.0,0.61,result_mismatch,
92,"On average, what GPA do students without tutoring have?",student_performance,SELECT AVG(GPA) FROM student_performance WHERE Tutoring=0,"SELECT AVG(""GPA"") FROM ""student_performance""",AVG,AVG,True,True,True,False,False,0.01,1.74,result_mismatch,
93,Can you find the average GPA of students who play sports?,student_performance,SELECT AVG(GPA) FROM student_performance WHERE Sports=1,"SELECT AVG(""GPA"") FROM ""student_performance""",AVG,AVG,True,True,True,False,False,0.01,1.0,result_mismatch,
94,What's the average study time for students in GradeClass 0?,student_performance,SELECT AVG(StudyTimeWeekly) FROM student_performance WHERE GradeClass=0,"SELECT AVG(""StudentID"") FROM ""student_performance"" WHERE ""GradeClass"" = 0",AVG,AVG,True,True,True,False,False,0.01,0.7,result_mismatch,
95,What's the average number of absences for students in GradeClass 4?,student_performance,SELECT AVG(Absences) FROM student_performance WHERE GradeClass=4,"SELECT AVG(""Absences"") FROM ""student_performance"" WHERE ""GradeClass"" = 4",AVG,AVG,True,True,True,True,False,0.01,0.61,unknown,
96,"On average, what's the age of the students in this dataset?",student_performance,SELECT AVG(Age) FROM student_performance,"SELECT AVG(""Age"") FROM ""student_performance""",AVG,AVG,True,True,True,True,False,0.01,1.06,unknown,
97,What's the average GPA of students with the highest parental support level?,student_performance,SELECT AVG(GPA) FROM student_performance WHERE ParentalSupport=4,"SELECT AVG(""GPA"") FROM ""student_performance""",AVG,AVG,True,True,True,False,False,0.0,0.64,result_mismatch,
98,What's the highest GPA recorded in the dataset?,student_performance,SELECT MAX(GPA) FROM student_performance,"SELECT MAX(""GPA"") FROM ""student_performance""",MAX,MAX,True,True,True,True,False,0.01,1.47,unknown,
99,What is the lowest GPA?,student_performance,SELECT MIN(GPA) FROM student_performance,"SELECT MIN(""GPA"") FROM ""student_performance""",MIN,MIN,True,True,True,True,False,0.02,3.08,unknown,
100,What's the maximum number of absences any student has?,student_performance,SELECT MAX(Absences) FROM student_performance,"SELECT MAX(""Absences"") FROM ""student_performance""",MAX,MAX,True,True,True,True,False,0.03,0.82,unknown,
101,What's the minimum weekly study time recorded?,student_performance,SELECT MIN(StudyTimeWeekly) FROM student_performance,,MIN,MIN,True,False,False,False,False,0.02,0,sql_validation_error,"SQL generation failed: Could not determine which column to apply 'MIN' to. Try rephrasing your question with the column name, e.g. 'average of <column name>'."
102,What's the highest weekly study time among all students?,student_performance,SELECT MAX(StudyTimeWeekly) FROM student_performance,"SELECT MAX(""StudentID"") FROM ""student_performance""",MAX,MAX,True,True,True,False,False,0.01,0.9,result_mismatch,
103,What's the oldest age recorded among students?,student_performance,SELECT MAX(Age) FROM student_performance,"SELECT AVG(""Age"") FROM ""student_performance""",MAX,AVG,False,True,True,False,False,0.07,1.2,intent_error,
104,What's the youngest age among the students?,student_performance,SELECT MIN(Age) FROM student_performance,"SELECT AVG(""Age"") FROM ""student_performance""",MIN,AVG,False,True,True,False,False,0.01,0.64,intent_error,
105,What's the highest GPA among students who don't play sports?,student_performance,SELECT MAX(GPA) FROM student_performance WHERE Sports=0,"SELECT MAX(""GPA"") FROM ""student_performance""",MAX,MAX,True,True,True,True,False,0.01,0.68,unknown,
106,Can you calculate the total number of absences across all students?,student_performance,SELECT SUM(Absences) FROM student_performance,"SELECT SUM(""Absences"") FROM ""student_performance""",SUM,SUM,True,True,True,True,False,0.01,0.59,unknown,
107,What's the combined weekly study time for every student?,student_performance,SELECT SUM(StudyTimeWeekly) FROM student_performance,"SELECT SUM(""StudentID"") FROM ""student_performance""",SUM,SUM,True,True,True,False,False,0.01,0.79,result_mismatch,
108,"How many students in total participate in at least one of sports, music, or volunteering?",student_performance,SELECT COUNT(*) FROM student_performance WHERE Sports=1 OR Music=1 OR Volunteering=1,"SELECT SUM(""StudentID"") FROM ""student_performance""",COUNT,SUM,False,True,True,False,False,0.01,0.81,intent_error,
109,Which GradeClass has the most students in it?,student_performance,SELECT GradeClass FROM student_performance GROUP BY GradeClass ORDER BY COUNT(*) DESC LIMIT 1,"SELECT MIN(""GradeClass"") FROM ""student_performance""",COUNT,MIN,False,True,True,False,False,0.01,0.69,intent_error,
110,Which GradeClass has the fewest students?,student_performance,SELECT GradeClass FROM student_performance GROUP BY GradeClass ORDER BY COUNT(*) ASC LIMIT 1,"SELECT MIN(""GradeClass"") FROM ""student_performance""",COUNT,MIN,False,True,True,True,False,0.01,0.74,unknown,
111,What's the most common parental education level among students?,student_performance,SELECT ParentalEducation FROM student_performance GROUP BY ParentalEducation ORDER BY COUNT(*) DESC LIMIT 1,"SELECT AVG(""StudentID"") FROM ""student_performance""",COUNT,AVG,False,True,True,False,False,0.01,0.53,intent_error,
112,What's the most common ethnicity code recorded in the dataset?,student_performance,SELECT Ethnicity FROM student_performance GROUP BY Ethnicity ORDER BY COUNT(*) DESC LIMIT 1,"SELECT AVG(""Ethnicity"") FROM ""student_performance""",COUNT,AVG,False,True,True,False,False,0.01,0.66,intent_error,
113,How many students belong to the most common ethnicity group?,student_performance,SELECT COUNT(*) FROM student_performance WHERE Ethnicity = (SELECT Ethnicity FROM student_performance GROUP BY Ethnicity ORDER BY COUNT(*) DESC LIMIT 1),"SELECT COUNT(*) FROM ""student_performance""",COUNT,COUNT,True,True,True,False,False,0.01,0.53,result_mismatch,
114,How many distinct GradeClass values exist in the dataset?,student_performance,SELECT COUNT(DISTINCT GradeClass) FROM student_performance,"SELECT COUNT(*) FROM ""student_performance""",COUNT,COUNT,True,True,True,False,False,0.0,0.46,result_mismatch,
115,How many students have a GPA between 2.5 and 3.5?,student_performance,SELECT COUNT(*) FROM student_performance WHERE GPA BETWEEN 2.5 AND 3.5,"SELECT COUNT(*) FROM ""student_performance"" WHERE ""GPA"" BETWEEN 2.5 AND 3.5",COUNT,COUNT,True,True,True,True,False,0.01,0.62,unknown,
116,How many students have between 5 and 15 absences?,student_performance,SELECT COUNT(*) FROM student_performance WHERE Absences BETWEEN 5 AND 15,"SELECT COUNT(*) FROM ""student_performance"" WHERE ""StudentID"" BETWEEN 5 AND 15",COUNT,COUNT,True,True,True,False,False,0.01,2.17,result_mismatch,
117,How many students receive tutoring and also have a GPA above 3?,student_performance,SELECT COUNT(*) FROM student_performance WHERE Tutoring=1 AND GPA>3,"SELECT COUNT(*) FROM ""student_performance"" WHERE ""GPA"" > 3",COUNT,COUNT,True,True,True,False,False,0.01,0.61,result_mismatch,
118,How many students play sports and are also in extracurricular activities?,student_performance,SELECT COUNT(*) FROM student_performance WHERE Sports=1 AND Extracurricular=1,"SELECT COUNT(*) FROM ""student_performance""",COUNT,COUNT,True,True,True,False,False,0.01,0.65,result_mismatch,
119,What's the average absences for students who receive no parental support?,student_performance,SELECT AVG(Absences) FROM student_performance WHERE ParentalSupport=0,"SELECT AVG(""Absences"") FROM ""student_performance""",AVG,AVG,True,True,True,False,False,0.0,0.53,result_mismatch,
120,How many female students are in the dataset?,student_performance,SELECT COUNT(*) FROM student_performance WHERE Gender=1,"SELECT COUNT(*) FROM ""student_performance""",COUNT,COUNT,True,True,True,False,False,0.01,0.52,result_mismatch,
121,How many male students are recorded?,student_performance,SELECT COUNT(*) FROM student_performance WHERE Gender=0,"SELECT COUNT(*) FROM ""student_performance""",COUNT,COUNT,True,True,True,False,False,0.0,0.38,result_mismatch,
122,What's the average GPA of students with gender code 1?,student_performance,SELECT AVG(GPA) FROM student_performance WHERE Gender=1,"SELECT AVG(""GPA"") FROM ""student_performance"" WHERE ""Gender"" = 1",AVG,AVG,True,True,True,True,False,0.01,0.79,unknown,
123,How many students study 20 or more hours weekly?,student_performance,SELECT COUNT(*) FROM student_performance WHERE StudyTimeWeekly>=20,"SELECT COUNT(*) FROM ""student_performance"" WHERE ""StudentID"" = 20",COUNT,COUNT,True,True,True,True,False,0.01,0.48,unknown,
124,What's the total number of students who volunteer and also play music?,student_performance,SELECT COUNT(*) FROM student_performance WHERE Volunteering=1 AND Music=1,"SELECT COUNT(*) FROM ""student_performance""",COUNT,COUNT,True,True,True,False,False,0.01,0.84,result_mismatch,
125,How many students have a GradeClass of 1 or 2?,student_performance,"SELECT COUNT(*) FROM student_performance WHERE GradeClass IN (1,2)","SELECT COUNT(*) FROM ""student_performance"" WHERE ""GradeClass"" = 1",COUNT,COUNT,True,True,True,False,False,0.01,0.56,result_mismatch,
126,What's the minimum GPA among students with zero absences?,student_performance,SELECT MIN(GPA) FROM student_performance WHERE Absences=0,"SELECT MIN(""GPA"") FROM ""student_performance""",MIN,MIN,True,True,True,False,False,0.01,0.7,result_mismatch,
127,What's the maximum GPA among students who don't receive tutoring?,student_performance,SELECT MAX(GPA) FROM student_performance WHERE Tutoring=0,"SELECT MAX(""GPA"") FROM ""student_performance""",MAX,MAX,True,True,True,True,False,0.01,0.56,unknown,
128,How many students are exactly 17 years old and play sports?,student_performance,SELECT COUNT(*) FROM student_performance WHERE Age=17 AND Sports=1,"SELECT COUNT(*) FROM ""student_performance"" WHERE ""Age"" = 17",COUNT,COUNT,True,True,True,False,False,0.02,1.38,result_mismatch,
129,What's the average parental support level across all students?,student_performance,SELECT AVG(ParentalSupport) FROM student_performance,"SELECT AVG(""Sports"") FROM ""student_performance""",AVG,AVG,True,True,True,False,False,0.01,0.52,result_mismatch,
130,How many students have more than 20 hours of weekly study time and a GPA above 3.5?,student_performance,SELECT COUNT(*) FROM student_performance WHERE StudyTimeWeekly>20 AND GPA>3.5,"SELECT COUNT(*) FROM ""student_performance"" WHERE ""StudentID"" > 20 AND ""GPA"" > 3.5",COUNT,COUNT,True,True,True,False,False,0.02,0.84,result_mismatch,
131,How many weather records are in the dataset?,temp_and_rain,SELECT COUNT(*) FROM temp_and_rain,"SELECT COUNT(*) FROM ""temp_and_rain""",COUNT,COUNT,True,True,True,True,False,0.0,0.36,unknown,
132,What's the average temperature recorded across all entries?,temp_and_rain,SELECT AVG(tem) FROM temp_and_rain,"SELECT AVG(""tem"") FROM ""temp_and_rain""",AVG,AVG,True,True,True,True,False,0.03,2.73,unknown,
133,Can you find the average rainfall across the whole dataset?,temp_and_rain,SELECT AVG(rain) FROM temp_and_rain,"SELECT AVG(""rain"") FROM ""temp_and_rain""",AVG,AVG,True,True,True,True,False,0.01,0.46,unknown,
134,What's the average temperature for June?,temp_and_rain,SELECT AVG(tem) FROM temp_and_rain WHERE Month=6,"SELECT AVG(""tem"") FROM ""temp_and_rain"" WHERE ""Month"" = 6",AVG,AVG,True,True,True,True,False,0.01,0.47,unknown,
135,"On average, what's the temperature in January?",temp_and_rain,SELECT AVG(tem) FROM temp_and_rain WHERE Month=1,"SELECT AVG(""tem"") FROM ""temp_and_rain"" WHERE ""Month"" = 1",AVG,AVG,True,True,True,True,False,0.07,0.97,unknown,
136,What's the average rainfall during July?,temp_and_rain,SELECT AVG(rain) FROM temp_and_rain WHERE Month=7,"SELECT AVG(""rain"") FROM ""temp_and_rain"" WHERE ""Month"" = 7",AVG,AVG,True,True,True,True,False,0.01,0.42,unknown,
137,What's the average rainfall in December?,temp_and_rain,SELECT AVG(rain) FROM temp_and_rain WHERE Month=12,"SELECT AVG(""rain"") FROM ""temp_and_rain"" WHERE ""Month"" = 12",AVG,AVG,True,True,True,True,False,0.01,0.74,unknown,
138,What's the highest temperature ever recorded?,temp_and_rain,SELECT MAX(tem) FROM temp_and_rain,"SELECT MAX(""tem"") FROM ""temp_and_rain""",MAX,MAX,True,True,True,True,False,0.01,0.49,unknown,
139,Can you find the smallest recorded temperature?,temp_and_rain,SELECT MIN(tem) FROM temp_and_rain,"SELECT MIN(""tem"") FROM ""temp_and_rain""",MIN,MIN,True,True,True,True,False,0.01,0.51,unknown,
140,Can you find the maximum rainfall recorded in a single entry?,temp_and_rain,SELECT MAX(rain) FROM temp_and_rain,"SELECT MAX(""rain"") FROM ""temp_and_rain""",MAX,MAX,True,True,True,True,False,0.01,0.62,unknown,
141,What's the lowest rainfall value in the dataset?,temp_and_rain,SELECT MIN(rain) FROM temp_and_rain,"SELECT MIN(""rain"") FROM ""temp_and_rain""",MIN,MIN,True,True,True,True,False,0.01,1.42,unknown,
142,What's the combined rainfall across the entire dataset?,temp_and_rain,SELECT SUM(rain) FROM temp_and_rain,"SELECT SUM(""rain"") FROM ""temp_and_rain""",SUM,SUM,True,True,True,True,False,0.01,0.82,unknown,
143,What's the total rainfall recorded in the year 2000?,temp_and_rain,SELECT SUM(rain) FROM temp_and_rain WHERE Year=2000,"SELECT SUM(""rain"") FROM ""temp_and_rain"" WHERE ""Year"" = 2000",SUM,SUM,True,True,True,True,False,0.01,2.09,unknown,
144,What year had the highest average rainfall?,temp_and_rain,SELECT Year FROM temp_and_rain GROUP BY Year ORDER BY AVG(rain) DESC LIMIT 1,"SELECT ""Year"", AVG(""rain"") AS ""avg_rain"" FROM ""temp_and_rain"" GROUP BY ""Year"" ORDER BY ""avg_rain"" DESC LIMIT 1",AVG,AVG,True,True,True,False,False,0.11,0.79,result_mismatch,
145,Which year recorded the highest average temperature?,temp_and_rain,SELECT Year FROM temp_and_rain GROUP BY Year ORDER BY AVG(tem) DESC LIMIT 1,"SELECT ""Year"", AVG(""tem"") AS ""avg_tem"" FROM ""temp_and_rain"" GROUP BY ""Year"" ORDER BY ""avg_tem"" DESC LIMIT 1",AVG,AVG,True,True,True,False,False,0.02,3.36,result_mismatch,
146,Which year had the lowest average temperature?,temp_and_rain,SELECT Year FROM temp_and_rain GROUP BY Year ORDER BY AVG(tem) ASC LIMIT 1,"SELECT ""Year"", AVG(""tem"") AS ""avg_tem"" FROM ""temp_and_rain"" GROUP BY ""Year"" ORDER BY ""avg_tem"" ASC LIMIT 1",AVG,AVG,True,True,True,False,False,0.01,0.87,result_mismatch,
147,Which month tends to have the highest average temperature overall?,temp_and_rain,SELECT Month FROM temp_and_rain GROUP BY Month ORDER BY AVG(tem) DESC LIMIT 1,"SELECT ""Month"", AVG(""tem"") AS ""avg_tem"" FROM ""temp_and_rain"" GROUP BY ""Month"" ORDER BY ""avg_tem"" DESC LIMIT 1",AVG,AVG,True,True,True,False,False,0.07,1.9,result_mismatch,
148,Which month has the lowest average temperature on average?,temp_and_rain,SELECT Month FROM temp_and_rain GROUP BY Month ORDER BY AVG(tem) ASC LIMIT 1,"SELECT ""Month"", AVG(""tem"") AS ""avg_tem"" FROM ""temp_and_rain"" GROUP BY ""Month"" ORDER BY ""avg_tem"" ASC LIMIT 1",AVG,AVG,True,True,True,False,False,0.01,0.72,result_mismatch,
149,Which month has the highest average rainfall?,temp_and_rain,SELECT Month FROM temp_and_rain GROUP BY Month ORDER BY AVG(rain) DESC LIMIT 1,"SELECT ""Month"", AVG(""rain"") AS ""avg_rain"" FROM ""temp_and_rain"" GROUP BY ""Month"" ORDER BY ""avg_rain"" DESC LIMIT 1",AVG,AVG,True,True,True,False,False,0.01,2.96,result_mismatch,
150,Which month typically has the least rainfall?,temp_and_rain,SELECT Month FROM temp_and_rain GROUP BY Month ORDER BY AVG(rain) ASC LIMIT 1,"SELECT MIN(""rain"") FROM ""temp_and_rain""",AVG,MIN,False,True,True,False,False,0.01,0.54,intent_error,
151,How many records show a temperature above 30 degrees?,temp_and_rain,SELECT COUNT(*) FROM temp_and_rain WHERE tem>30,"SELECT COUNT(*) FROM ""temp_and_rain"" WHERE ""tem"" > 30",COUNT,COUNT,True,True,True,True,False,0.01,0.44,unknown,
152,How many months recorded a temperature below 15 degrees?,temp_and_rain,SELECT COUNT(*) FROM temp_and_rain WHERE tem<15,"SELECT COUNT(*) FROM ""temp_and_rain"" WHERE ""tem"" < 15",COUNT,COUNT,True,True,True,True,False,0.01,0.6,unknown,
153,How many entries have rainfall greater than 300?,temp_and_rain,SELECT COUNT(*) FROM temp_and_rain WHERE rain>300,"SELECT COUNT(*) FROM ""temp_and_rain"" WHERE ""rain"" > 300",COUNT,COUNT,True,True,True,True,False,0.01,0.6,unknown,
154,How many entries recorded zero rainfall?,temp_and_rain,SELECT COUNT(*) FROM temp_and_rain WHERE rain=0,"SELECT COUNT(*) FROM ""temp_and_rain""",COUNT,COUNT,True,True,True,False,False,0.0,0.96,result_mismatch,
155,How many years of data are covered in this dataset?,temp_and_rain,SELECT COUNT(DISTINCT Year) FROM temp_and_rain,"SELECT COUNT(*) FROM ""temp_and_rain""",COUNT,COUNT,True,True,True,False,False,0.0,0.48,result_mismatch,
156,What's the earliest year recorded in the dataset?,temp_and_rain,SELECT MIN(Year) FROM temp_and_rain,"SELECT AVG(""Year"") FROM ""temp_and_rain""",MIN,AVG,False,True,True,False,False,0.01,0.67,intent_error,
157,What's the most recent year included in the data?,temp_and_rain,SELECT MAX(Year) FROM temp_and_rain,"SELECT AVG(""Year"") FROM ""temp_and_rain""",MAX,AVG,False,True,True,False,False,0.01,0.47,intent_error,
158,What was the average temperature during the year 1950?,temp_and_rain,SELECT AVG(tem) FROM temp_and_rain WHERE Year=1950,"SELECT AVG(""tem"") FROM ""temp_and_rain"" WHERE ""Year"" = 1950",AVG,AVG,True,True,True,True,False,0.01,0.86,unknown,
159,What was the total rainfall recorded in 1980?,temp_and_rain,SELECT SUM(rain) FROM temp_and_rain WHERE Year=1980,"SELECT SUM(""rain"") FROM ""temp_and_rain"" WHERE ""rain"" = 1980",SUM,SUM,True,True,True,False,False,0.01,0.47,result_mismatch,
160,Could you show me the average temperature between the years 2000 and 2010?,temp_and_rain,SELECT AVG(tem) FROM temp_and_rain WHERE Year BETWEEN 2000 AND 2010,"SELECT AVG(""tem"") FROM ""temp_and_rain"" WHERE ""tem"" BETWEEN 2000 AND 2010",AVG,AVG,True,True,True,False,False,0.01,2.4,result_mismatch,
161,What's the average rainfall between 1990 and 2000?,temp_and_rain,SELECT AVG(rain) FROM temp_and_rain WHERE Year BETWEEN 1990 AND 2000,"SELECT AVG(""rain"") FROM ""temp_and_rain"" WHERE ""rain"" BETWEEN 1990 AND 2000",AVG,AVG,True,True,True,False,False,0.01,0.56,result_mismatch,
162,How many records fall between the years 1950 and 1960?,temp_and_rain,SELECT COUNT(*) FROM temp_and_rain WHERE Year BETWEEN 1950 AND 1960,"SELECT COUNT(*) FROM ""temp_and_rain"" WHERE ""Year"" BETWEEN 1950 AND 1960",COUNT,COUNT,True,True,True,True,False,0.01,0.45,unknown,
163,What's the highest temperature recorded in the year 2015?,temp_and_rain,SELECT MAX(tem) FROM temp_and_rain WHERE Year=2015,"SELECT MAX(""tem"") FROM ""temp_and_rain"" WHERE ""Year"" = 2015",MAX,MAX,True,True,True,True,False,0.01,0.53,unknown,
164,What's the average temperature recorded during the month of December?,temp_and_rain,SELECT AVG(tem) FROM temp_and_rain WHERE Month=12,"SELECT AVG(""tem"") FROM ""temp_and_rain"" WHERE ""Month"" = 12",AVG,AVG,True,True,True,True,False,0.01,0.44,unknown,
165,What's the average rainfall recorded in April?,temp_and_rain,SELECT AVG(rain) FROM temp_and_rain WHERE Month=4,"SELECT AVG(""rain"") FROM ""temp_and_rain"" WHERE ""Month"" = 4",AVG,AVG,True,True,True,True,False,0.01,1.35,unknown,
166,How many records have both a temperature above 25 and rainfall above 100?,temp_and_rain,SELECT COUNT(*) FROM temp_and_rain WHERE tem>25 AND rain>100,"SELECT COUNT(*) FROM ""temp_and_rain"" WHERE ""rain"" > 25 AND ""tem"" > 100",COUNT,COUNT,True,True,True,False,False,0.01,0.51,result_mismatch,
167,What's the maximum rainfall recorded during the month of June?,temp_and_rain,SELECT MAX(rain) FROM temp_and_rain WHERE Month=6,"SELECT MAX(""rain"") FROM ""temp_and_rain"" WHERE ""Month"" = 6",MAX,MAX,True,True,True,True,False,0.03,1.18,unknown,
168,What's the minimum temperature recorded in the month of January?,temp_and_rain,SELECT MIN(tem) FROM temp_and_rain WHERE Month=1,"SELECT MIN(""tem"") FROM ""temp_and_rain"" WHERE ""Month"" = 1",MIN,MIN,True,True,True,True,False,0.01,0.45,unknown,
169,How many records in total were logged for the month of March?,temp_and_rain,SELECT COUNT(*) FROM temp_and_rain WHERE Month=3,"SELECT SUM(""Month"") FROM ""temp_and_rain"" WHERE ""Month"" = 3",COUNT,SUM,False,True,True,False,False,0.03,1.78,intent_error,
170,What's the average temperature across all of the 1990s (1990 to 1999)?,temp_and_rain,SELECT AVG(tem) FROM temp_and_rain WHERE Year BETWEEN 1990 AND 1999,"SELECT AVG(""tem"") FROM ""temp_and_rain"" WHERE ""Year"" = 1990",AVG,AVG,True,True,True,False,False,0.01,0.45,result_mismatch,
171,"What's the average rainfall for the year 1901, the earliest year on record?",temp_and_rain,SELECT AVG(rain) FROM temp_and_rain WHERE Year=1901,"SELECT AVG(""rain"") FROM ""temp_and_rain"" WHERE ""Year"" = 1901",AVG,AVG,True,True,True,True,False,0.01,0.52,unknown,
172,How many records show rainfall between 50 and 150?,temp_and_rain,SELECT COUNT(*) FROM temp_and_rain WHERE rain BETWEEN 50 AND 150,"SELECT COUNT(*) FROM ""temp_and_rain"" WHERE ""rain"" BETWEEN 50 AND 150",COUNT,COUNT,True,True,True,True,False,0.01,0.54,unknown,
173,What's the average temperature for the month of August across all years?,temp_and_rain,SELECT AVG(tem) FROM temp_and_rain WHERE Month=8,"SELECT AVG(""tem"") FROM ""temp_and_rain"" WHERE ""Month"" = 8",AVG,AVG,True,True,True,True,False,0.01,0.44,unknown,
174,How many entries recorded a temperature between 20 and 25 degrees?,temp_and_rain,SELECT COUNT(*) FROM temp_and_rain WHERE tem BETWEEN 20 AND 25,"SELECT COUNT(*) FROM ""temp_and_rain"" WHERE ""tem"" BETWEEN 20 AND 25",COUNT,COUNT,True,True,True,True,False,0.01,1.57,unknown,
175,What's the total rainfall recorded across every February in the dataset?,temp_and_rain,SELECT SUM(rain) FROM temp_and_rain WHERE Month=2,"SELECT SUM(""rain"") FROM ""temp_and_rain"" WHERE ""Month"" = 2",SUM,SUM,True,True,True,True,False,0.01,0.44,unknown,
176,What's the average temperature recorded in the year 2010?,temp_and_rain,SELECT AVG(tem) FROM temp_and_rain WHERE Year=2010,"SELECT AVG(""tem"") FROM ""temp_and_rain"" WHERE ""Year"" = 2010",AVG,AVG,True,True,True,True,False,0.03,2.16,unknown,
177,How many records show a temperature exactly at or above 28 degrees?,temp_and_rain,SELECT COUNT(*) FROM temp_and_rain WHERE tem>=28,"SELECT COUNT(*) FROM ""temp_and_rain"" WHERE ""tem"" > 28",COUNT,COUNT,True,True,True,True,False,0.01,0.54,unknown,
178,What's the lowest rainfall recorded in any November?,temp_and_rain,SELECT MIN(rain) FROM temp_and_rain WHERE Month=11,"SELECT MIN(""rain"") FROM ""temp_and_rain"" WHERE ""Month"" = 11",MIN,MIN,True,True,True,True,False,0.02,0.87,unknown,
179,"How many total records exist for the year 2015, the most recent year?",temp_and_rain,SELECT COUNT(*) FROM temp_and_rain WHERE Year=2015,"SELECT SUM(""Year"") FROM ""temp_and_rain"" WHERE ""Year"" = 2015",COUNT,SUM,False,True,True,False,False,0.01,0.47,intent_error,
180,What's the average rainfall for the month of May across the full dataset?,temp_and_rain,SELECT AVG(rain) FROM temp_and_rain WHERE Month=5,"SELECT AVG(""rain"") FROM ""temp_and_rain"" WHERE ""Month"" = 5",AVG,AVG,True,True,True,True,False,0.01,0.42,unknown,
181,What's the highest temperature recorded during any October?,temp_and_rain,SELECT MAX(tem) FROM temp_and_rain WHERE Month=10,"SELECT MAX(""tem"") FROM ""temp_and_rain"" WHERE ""Month"" = 10",MAX,MAX,True,True,True,True,False,0.01,0.52,unknown,
182,How many records have a temperature below 10 degrees?,temp_and_rain,SELECT COUNT(*) FROM temp_and_rain WHERE tem<10,"SELECT COUNT(*) FROM ""temp_and_rain"" WHERE ""tem"" < 10",COUNT,COUNT,True,True,True,True,False,0.01,0.54,unknown,
183,What's the average temperature for the month of September?,temp_and_rain,SELECT AVG(tem) FROM temp_and_rain WHERE Month=9,"SELECT AVG(""tem"") FROM ""temp_and_rain"" WHERE ""Month"" = 9",AVG,AVG,True,True,True,True,False,0.02,1.53,unknown,
184,How many records were logged between 1960 and 1970?,temp_and_rain,SELECT COUNT(*) FROM temp_and_rain WHERE Year BETWEEN 1960 AND 1970,"SELECT COUNT(*) FROM ""temp_and_rain"" WHERE ""Year"" = 1960",COUNT,COUNT,True,True,True,False,False,0.01,0.44,result_mismatch,
185,What's the total rainfall for the year 2005?,temp_and_rain,SELECT SUM(rain) FROM temp_and_rain WHERE Year=2005,"SELECT SUM(""rain"") FROM ""temp_and_rain"" WHERE ""Year"" = 2005",SUM,SUM,True,True,True,True,False,0.01,0.44,unknown,
186,What's the maximum temperature recorded in the entire 1900s decade of data (1901-1909)?,temp_and_rain,SELECT MAX(tem) FROM temp_and_rain WHERE Year BETWEEN 1901 AND 1909,"SELECT MAX(""tem"") FROM ""temp_and_rain"" WHERE ""Year"" = 1901",MAX,MAX,True,True,True,False,False,0.01,0.48,result_mismatch,
187,What's the average rainfall recorded during the month of November?,temp_and_rain,SELECT AVG(rain) FROM temp_and_rain WHERE Month=11,"SELECT AVG(""rain"") FROM ""temp_and_rain"" WHERE ""Month"" = 11",AVG,AVG,True,True,True,True,False,0.01,0.45,unknown,
188,How many months in total recorded a rainfall figure of exactly zero?,temp_and_rain,SELECT COUNT(*) FROM temp_and_rain WHERE rain=0.0,"SELECT SUM(""Month"") FROM ""temp_and_rain""",COUNT,SUM,False,True,True,False,False,0.0,2.25,intent_error,
189,What's the average temperature for the month of February?,temp_and_rain,SELECT AVG(tem) FROM temp_and_rain WHERE Month=2,"SELECT AVG(""tem"") FROM ""temp_and_rain"" WHERE ""Month"" = 2",AVG,AVG,True,True,True,True,False,0.01,0.49,unknown,
190,How many patients are recorded in the dengue dataset?,dengue,SELECT COUNT(*) FROM dengue,"SELECT COUNT(*) FROM ""dengue""",COUNT,COUNT,True,True,True,True,False,0.01,0.5,unknown,
191,How many patients tested positive for NS1?,dengue,SELECT COUNT(*) FROM dengue WHERE NS1=1,"SELECT COUNT(*) FROM ""dengue""",COUNT,COUNT,True,True,True,False,False,0.0,0.38,result_mismatch,
192,How many patients tested positive for IgG?,dengue,SELECT COUNT(*) FROM dengue WHERE IgG=1,"SELECT COUNT(*) FROM ""dengue""",COUNT,COUNT,True,True,True,False,False,0.0,0.45,result_mismatch,
193,How many patients tested positive for IgM?,dengue,SELECT COUNT(*) FROM dengue WHERE IgM=1,"SELECT COUNT(*) FROM ""dengue""",COUNT,COUNT,True,True,True,False,False,0.0,0.38,result_mismatch,
194,How many patients ended up with a positive dengue outcome?,dengue,SELECT COUNT(*) FROM dengue WHERE Outcome=1,"SELECT COUNT(*) FROM ""dengue""",COUNT,COUNT,True,True,True,False,False,0.0,0.44,result_mismatch,
195,How many patients had a negative dengue outcome?,dengue,SELECT COUNT(*) FROM dengue WHERE Outcome=0,"SELECT COUNT(*) FROM ""dengue""",COUNT,COUNT,True,True,True,False,False,0.0,0.4,result_mismatch,
196,How many patients reported a headache?,dengue,SELECT COUNT(*) FROM dengue WHERE Headache=1,"SELECT COUNT(*) FROM ""dengue""",COUNT,COUNT,True,True,True,False,False,0.0,0.53,result_mismatch,
197,How many patients experienced joint pain classified as severe?,dengue,SELECT COUNT(*) FROM dengue WHERE Joint_Pain='Severe',"SELECT COUNT(*) FROM ""dengue"" WHERE ""Joint_Pain"" = 'Severe'",COUNT,COUNT,True,True,True,True,False,0.01,0.45,unknown,
198,How many patients had moderate joint pain?,dengue,SELECT COUNT(*) FROM dengue WHERE Joint_Pain='Moderate',"SELECT COUNT(*) FROM ""dengue"" WHERE ""Joint_Pain"" = 'Moderate'",COUNT,COUNT,True,True,True,True,False,0.01,0.58,unknown,
199,How many patients reported retro-orbital pain?,dengue,SELECT COUNT(*) FROM dengue WHERE Retro_Orbital_Pain=1,"SELECT COUNT(*) FROM ""dengue""",COUNT,COUNT,True,True,True,False,False,0.02,2.32,result_mismatch,
200,How many patients experienced myalgia?,dengue,SELECT COUNT(*) FROM dengue WHERE Myalgia=1,"SELECT COUNT(*) FROM ""dengue""",COUNT,COUNT,True,True,True,False,False,0.0,0.44,result_mismatch,
201,How many patients developed a rash?,dengue,SELECT COUNT(*) FROM dengue WHERE Rash=1,"SELECT COUNT(*) FROM ""dengue"" WHERE ""AreaType"" = 'Developed'",COUNT,COUNT,True,True,True,False,False,0.02,1.53,result_mismatch,
202,How many patients are from the Mirpur area?,dengue,SELECT COUNT(*) FROM dengue WHERE Area='Mirpur',"SELECT COUNT(*) FROM ""dengue"" WHERE ""Area"" = 'Mirpur'",COUNT,COUNT,True,True,True,True,False,0.01,0.46,unknown,
203,How many patients live in a developed area type?,dengue,SELECT COUNT(*) FROM dengue WHERE AreaType='Developed',"SELECT COUNT(*) FROM ""dengue"" WHERE ""AreaType"" = 'Developed'",COUNT,COUNT,True,True,True,True,False,0.01,0.65,unknown,
204,How many patients live in an undeveloped area?,dengue,SELECT COUNT(*) FROM dengue WHERE AreaType='Undeveloped',"SELECT COUNT(*) FROM ""dengue"" WHERE ""AreaType"" = 'Undeveloped'",COUNT,COUNT,True,True,True,True,False,0.01,0.52,unknown,
205,How many patients live in a building-type house?,dengue,SELECT COUNT(*) FROM dengue WHERE HouseType='Building',"SELECT COUNT(*) FROM ""dengue"" WHERE ""HouseType"" = 'Building'",COUNT,COUNT,True,True,True,True,False,0.01,0.51,unknown,
206,How many patients live in a tin-shed house?,dengue,SELECT COUNT(*) FROM dengue WHERE HouseType='Tinshed',"SELECT COUNT(*) FROM ""dengue""",COUNT,COUNT,True,True,True,False,False,0.0,0.41,result_mismatch,
207,How many female patients are in the dataset?,dengue,SELECT COUNT(*) FROM dengue WHERE Gender='Female',"SELECT COUNT(*) FROM ""dengue"" WHERE ""Gender"" = 'Female'",COUNT,COUNT,True,True,True,True,False,0.01,0.61,unknown,
208,How many male patients are recorded?,dengue,SELECT COUNT(*) FROM dengue WHERE Gender='Male',"SELECT COUNT(*) FROM ""dengue"" WHERE ""Gender"" = 'Male'",COUNT,COUNT,True,True,True,True,False,0.05,1.89,unknown,
209,How many patients are older than 50?,dengue,SELECT COUNT(*) FROM dengue WHERE Age>50,"SELECT COUNT(*) FROM ""dengue"" WHERE ""Age"" > 50",COUNT,COUNT,True,True,True,True,False,0.01,0.48,unknown,
210,How many patients are younger than 18?,dengue,SELECT COUNT(*) FROM dengue WHERE Age<18,"SELECT COUNT(*) FROM ""dengue"" WHERE ""Age"" < 18",COUNT,COUNT,True,True,True,True,False,0.01,0.61,unknown,
211,What's the average age of patients in this dataset?,dengue,SELECT AVG(Age) FROM dengue,"SELECT AVG(""Age"") FROM ""dengue""",AVG,AVG,True,True,True,True,False,0.0,0.44,unknown,
212,What's the average body temperature recorded among patients?,dengue,SELECT AVG(Body_Temperature) FROM dengue,"SELECT AVG(""Body_Temperature"") FROM ""dengue""",AVG,AVG,True,True,True,True,False,0.01,1.18,unknown,
213,"On average, how long does the fever last, in days?",dengue,SELECT AVG(Fever_Duration) FROM dengue,,AVG,AVG,True,False,False,False,False,0.01,0,sql_validation_error,"SQL generation failed: Could not determine which column to apply 'AVG' to. Try rephrasing your question with the column name, e.g. 'average of <column name>'."
214,What's the average platelet count across all patients?,dengue,SELECT AVG(Platelet_Count) FROM dengue,"SELECT AVG(""Platelet_Count"") FROM ""dengue""",AVG,AVG,True,True,True,True,False,0.01,0.58,unknown,
215,What's the average white blood cell count in the dataset?,dengue,SELECT AVG(WBC_Count) FROM dengue,"SELECT AVG(""Platelet_Count"") FROM ""dengue""",AVG,AVG,True,True,True,False,False,0.0,0.45,result_mismatch,
216,What's the average platelet count for patients with a positive outcome?,dengue,SELECT AVG(Platelet_Count) FROM dengue WHERE Outcome=1,"SELECT AVG(""Platelet_Count"") FROM ""dengue""",AVG,AVG,True,True,True,False,False,0.01,0.5,result_mismatch,
217,What's the average platelet count for patients with a negative outcome?,dengue,SELECT AVG(Platelet_Count) FROM dengue WHERE Outcome=0,"SELECT AVG(""Platelet_Count"") FROM ""dengue""",AVG,AVG,True,True,True,False,False,0.0,0.47,result_mismatch,
218,What's the average body temperature among patients who tested positive for NS1?,dengue,SELECT AVG(Body_Temperature) FROM dengue WHERE NS1=1,"SELECT AVG(""Body_Temperature"") FROM ""dengue""",AVG,AVG,True,True,True,False,False,0.01,0.56,result_mismatch,
219,What's the average fever duration for patients with a positive outcome?,dengue,SELECT AVG(Fever_Duration) FROM dengue WHERE Outcome=1,"SELECT AVG(""Fever_Duration"") FROM ""dengue""",AVG,AVG,True,True,True,False,False,0.01,0.56,result_mismatch,
220,What's the highest platelet count recorded?,dengue,SELECT MAX(Platelet_Count) FROM dengue,"SELECT MAX(""Platelet_Count"") FROM ""dengue""",MAX,MAX,True,True,True,True,False,0.02,0.7,unknown,
221,What's the lowest platelet count in the dataset?,dengue,SELECT MIN(Platelet_Count) FROM dengue,"SELECT MIN(""Platelet_Count"") FROM ""dengue""",MIN,MIN,True,True,True,True,False,0.01,1.88,unknown,
222,What's the highest recorded body temperature?,dengue,SELECT MAX(Body_Temperature) FROM dengue,"SELECT MAX(""Body_Temperature"") FROM ""dengue""",MAX,MAX,True,True,True,True,False,0.01,0.59,unknown,
223,What's the lowest body temperature recorded among patients?,dengue,SELECT MIN(Body_Temperature) FROM dengue,"SELECT MIN(""Body_Temperature"") FROM ""dengue""",MIN,MIN,True,True,True,True,False,0.04,1.8,unknown,
224,"What's the longest fever duration recorded, in days?",dengue,SELECT MAX(Fever_Duration) FROM dengue,"SELECT AVG(""Fever_Duration"") FROM ""dengue""",MAX,AVG,False,True,True,False,False,0.01,0.56,intent_error,
225,What's the oldest patient's age in the dataset?,dengue,SELECT MAX(Age) FROM dengue,"SELECT AVG(""Age"") FROM ""dengue""",MAX,AVG,False,True,True,False,False,0.01,0.61,intent_error,
226,What's the youngest patient's age recorded?,dengue,SELECT MIN(Age) FROM dengue,"SELECT AVG(""Age"") FROM ""dengue""",MIN,AVG,False,True,True,False,False,0.01,0.51,intent_error,
227,What's the highest white blood cell count observed?,dengue,SELECT MAX(WBC_Count) FROM dengue,,MAX,MAX,True,False,False,False,False,0.01,0,sql_validation_error,"SQL generation failed: Could not determine which column to apply 'MAX' to. Try rephrasing your question with the column name, e.g. 'average of <column name>'."
228,Can you calculate the total number of patients who tested positive on both NS1 and IgM?,dengue,SELECT COUNT(*) FROM dengue WHERE NS1=1 AND IgM=1,"SELECT SUM(""NS1"") FROM ""dengue""",COUNT,SUM,False,True,True,False,False,0.01,0.47,intent_error,
229,Which area shows up most frequently in the dataset?,dengue,SELECT Area FROM dengue GROUP BY Area ORDER BY COUNT(*) DESC LIMIT 1,"SELECT * FROM ""dengue""",COUNT,SELECT,False,True,True,False,False,0.0,3.81,intent_error,
230,Which house type is most common among patients?,dengue,SELECT HouseType FROM dengue GROUP BY HouseType ORDER BY COUNT(*) DESC LIMIT 1,"SELECT * FROM ""dengue""",COUNT,SELECT,False,True,True,False,False,0.0,3.67,intent_error,
231,How many distinct areas appear in the dataset?,dengue,SELECT COUNT(DISTINCT Area) FROM dengue,"SELECT COUNT(*) FROM ""dengue""",COUNT,COUNT,True,True,True,False,False,0.0,0.44,result_mismatch,
232,How many patients have a platelet count below 150000?,dengue,SELECT COUNT(*) FROM dengue WHERE Platelet_Count<150000,"SELECT COUNT(*) FROM ""dengue"" WHERE ""Platelet_Count"" < 150000",COUNT,COUNT,True,True,True,True,False,0.01,0.5,unknown,
233,How many patients have a fever that lasted between 2 and 5 days?,dengue,SELECT COUNT(*) FROM dengue WHERE Fever_Duration BETWEEN 2 AND 5,"SELECT COUNT(*) FROM ""dengue""",COUNT,COUNT,True,True,True,False,False,0.0,1.78,result_mismatch,
234,"How many patients tested positive on NS1, IgG, and IgM all at once?",dengue,SELECT COUNT(*) FROM dengue WHERE NS1=1 AND IgG=1 AND IgM=1,"SELECT COUNT(*) FROM ""dengue""",COUNT,COUNT,True,True,True,False,False,0.0,0.45,result_mismatch,
235,How many patients have a body temperature above 38 degrees?,dengue,SELECT COUNT(*) FROM dengue WHERE Body_Temperature>38,"SELECT COUNT(*) FROM ""dengue"" WHERE ""Body_Temperature"" > 38",COUNT,COUNT,True,True,True,True,False,0.01,0.69,unknown,
236,What's the average age of patients who had a positive dengue outcome?,dengue,SELECT AVG(Age) FROM dengue WHERE Outcome=1,"SELECT AVG(""Age"") FROM ""dengue""",AVG,AVG,True,True,True,False,False,0.01,0.56,result_mismatch,
237,How many patients from an undeveloped area had a positive outcome?,dengue,SELECT COUNT(*) FROM dengue WHERE AreaType='Undeveloped' AND Outcome=1,"SELECT COUNT(*) FROM ""dengue"" WHERE ""AreaType"" = 'Undeveloped'",COUNT,COUNT,True,True,True,False,False,0.01,0.77,result_mismatch,
238,How many patients have a WBC count above 10000?,dengue,SELECT COUNT(*) FROM dengue WHERE WBC_Count>10000,"SELECT COUNT(*) FROM ""dengue"" WHERE ""WBC_Count"" > 10000",COUNT,COUNT,True,True,True,True,False,0.01,0.56,unknown,
239,What's the average fever duration for female patients?,dengue,SELECT AVG(Fever_Duration) FROM dengue WHERE Gender='Female',"SELECT AVG(""Fever_Duration"") FROM ""dengue"" WHERE ""Gender"" = 'Female'",AVG,AVG,True,True,True,True,False,0.03,0.98,unknown,
240,How many employees are in the dataset?,employee_dataset,SELECT COUNT(*) FROM employee,"SELECT COUNT(*) FROM ""employee""",COUNT,COUNT,True,True,True,True,False,0.0,0.62,unknown,
241,Can you tell me how many employees work in Sales?,employee_dataset,SELECT COUNT(*) FROM employee WHERE Department='Sales',"SELECT COUNT(*) FROM ""employee""",COUNT,COUNT,True,True,True,False,False,0.0,0.41,result_mismatch,
242,How many employees are in the Software Development department?,employee_dataset,SELECT COUNT(*) FROM employee WHERE Department='Software Development',"SELECT COUNT(*) FROM ""employee"" WHERE ""Department"" = ' Software Development'",COUNT,COUNT,True,True,True,False,False,0.01,0.51,result_mismatch,
243,How many employees work in R&D?,employee_dataset,SELECT COUNT(*) FROM employee WHERE Department='R&D',"SELECT COUNT(*) FROM ""employee""",COUNT,COUNT,True,True,True,False,False,0.03,1.02,result_mismatch,
244,How many employees have a Master's degree?,employee_dataset,SELECT COUNT(*) FROM employee WHERE Education='Masters',"SELECT COUNT(*) FROM ""employee""",COUNT,COUNT,True,True,True,False,False,0.0,0.41,result_mismatch,
245,How many employees hold a Doctorate?,employee_dataset,SELECT COUNT(*) FROM employee WHERE Education='Doctorate',"SELECT COUNT(*) FROM ""employee""",COUNT,COUNT,True,True,True,False,False,0.0,0.36,result_mismatch,
246,How many employees are married?,employee_dataset,SELECT COUNT(*) FROM employee WHERE Marital_Status='Married',"SELECT COUNT(*) FROM ""employee""",COUNT,COUNT,True,True,True,False,False,0.0,0.4,result_mismatch,
247,How many employees are single?,employee_dataset,SELECT COUNT(*) FROM employee WHERE Marital_Status='Single',"SELECT COUNT(*) FROM ""employee""",COUNT,COUNT,True,True,True,False,False,0.0,0.39,result_mismatch,
248,How many employees have a Performance Rating of 5?,employee_dataset,SELECT COUNT(*) FROM employee WHERE Performance_Rating=5,"SELECT COUNT(*) FROM ""employee"" WHERE ""Performance_Rating"" = 5",COUNT,COUNT,True,True,True,True,False,0.01,1.15,unknown,
249,How many employees have a Performance Rating of 3?,employee_dataset,SELECT COUNT(*) FROM employee WHERE Performance_Rating=3,"SELECT COUNT(*) FROM ""employee"" WHERE ""Performance_Rating"" = 3",COUNT,COUNT,True,True,True,True,False,0.01,0.36,unknown,
250,How many male employees are there?,employee_dataset,SELECT COUNT(*) FROM employee WHERE Gender='Male',"SELECT COUNT(*) FROM ""employee"" WHERE ""Gender"" = ' Male  '",COUNT,COUNT,True,True,True,False,False,0.01,0.87,result_mismatch,
251,How many female employees are there?,employee_dataset,SELECT COUNT(*) FROM employee WHERE Gender='Female',"SELECT COUNT(*) FROM ""employee"" WHERE ""Gender"" = ' Female'",COUNT,COUNT,True,True,True,False,False,0.01,0.39,result_mismatch,
252,How many employees are older than 40?,employee_dataset,SELECT COUNT(*) FROM employee WHERE Age>40,"SELECT COUNT(*) FROM ""employee"" WHERE ""Age"" > 40",COUNT,COUNT,True,True,True,True,False,0.05,1.04,unknown,
253,How many employees have more than 5 years of experience?,employee_dataset,SELECT COUNT(*) FROM employee WHERE Years_of_Experience>5,"SELECT COUNT(*) FROM ""employee"" WHERE ""Years_of_Experience"" > 5",COUNT,COUNT,True,True,True,True,False,0.01,0.71,unknown,
254,"On average, how much do employees earn per month?",employee_dataset,SELECT AVG(Monthly_Income) FROM employee,,AVG,AVG,True,False,False,False,False,0.01,0,sql_validation_error,"SQL generation failed: Could not determine which column to apply 'AVG' to. Try rephrasing your question with the column name, e.g. 'average of <column name>'."
255,What is the minimum monthly income among employees?,employee_dataset,SELECT MIN(Monthly_Income) FROM employee,"SELECT MIN(""Monthly_Income"") FROM ""employee""",MIN,MIN,True,True,True,True,False,0.01,0.41,unknown,
256,Which employee has the highest salary?,employee_dataset,SELECT Employee_Name FROM employee ORDER BY Monthly_Income DESC LIMIT 1,,SELECT,MAX,False,False,False,False,False,0.01,0,intent_error,"SQL generation failed: Could not determine which column to apply 'MAX' to. Try rephrasing your question with the column name, e.g. 'average of <column name>'."
257,What's the highest monthly income recorded in this dataset?,employee_dataset,SELECT MAX(Monthly_Income) FROM employee,"SELECT MAX(""Monthly_Income"") FROM ""employee""",MAX,MAX,True,True,True,True,False,0.02,0.68,unknown,
258,What's the average years of experience across all employees?,employee_dataset,SELECT AVG(Years_of_Experience) FROM employee,"SELECT AVG(""Years_of_Experience"") FROM ""employee""",AVG,AVG,True,True,True,True,False,0.0,0.34,unknown,
259,What's the average percent salary hike given to employees?,employee_dataset,SELECT AVG(Percent_Salary_Hike) FROM employee,"SELECT AVG(""Percent_Salary_Hike"") FROM ""employee""",AVG,AVG,True,True,True,True,False,0.01,0.64,unknown,
260,What's the highest percent salary hike anyone received?,employee_dataset,SELECT MAX(Percent_Salary_Hike) FROM employee,"SELECT MAX(""Percent_Salary_Hike"") FROM ""employee""",MAX,MAX,True,True,True,True,False,0.01,0.6,unknown,
261,Which department has the most employees?,employee_dataset,SELECT Department FROM employee GROUP BY Department ORDER BY COUNT(*) DESC LIMIT 1,,COUNT,MIN,False,False,False,False,False,0.01,0,intent_error,"SQL generation failed: Could not determine which column to apply 'MIN' to. Try rephrasing your question with the column name, e.g. 'average of <column name>'."
262,What's the most common education level among employees?,employee_dataset,SELECT Education FROM employee GROUP BY Education ORDER BY COUNT(*) DESC LIMIT 1,,COUNT,AVG,False,False,False,False,False,0.01,0,intent_error,"SQL generation failed: Could not determine which column to apply 'AVG' to. Try rephrasing your question with the column name, e.g. 'average of <column name>'."
263,How much do all employees' monthly incomes add up to combined?,employee_dataset,SELECT SUM(Monthly_Income) FROM employee,"SELECT SUM(""Monthly_Income"") FROM ""employee""",SUM,SUM,True,True,True,True,False,0.0,0.39,unknown,
264,"On average, what's the monthly income of employees with a Performance Rating of 5?",employee_dataset,SELECT AVG(Monthly_Income) FROM employee WHERE Performance_Rating=5,"SELECT AVG(""Monthly_Income"") FROM ""employee"" WHERE ""Performance_Rating"" = 5",AVG,AVG,True,True,True,True,False,0.01,0.46,unknown,
265,What's the average age of employees in the Sales department?,employee_dataset,SELECT AVG(Age) FROM employee WHERE Department='Sales',"SELECT AVG(""Age"") FROM ""employee"" WHERE ""Department"" = ' Sales               '",AVG,AVG,True,True,True,False,False,0.01,0.59,result_mismatch,
266,How many employees have an Undergraduate education level?,employee_dataset,SELECT COUNT(*) FROM employee WHERE Education='Undergraduate',"SELECT COUNT(*) FROM ""employee"" WHERE ""Education"" = ' Undergraduate'",COUNT,COUNT,True,True,True,False,False,0.01,0.4,result_mismatch,
296,How many employees have a Percent Salary Hike of 20 or more?,employee_dataset,SELECT COUNT(*) FROM employee_dataset WHERE Percent_Salary_Hike>=20,"SELECT COUNT(*) FROM ""employee"" WHERE ""Percent_Salary_Hike"" = 20",COUNT,COUNT,True,True,True,False,False,0.01,0.49,result_mismatch,
297,What's the average Years of Experience for employees with a Performance Rating of 5?,employee_dataset,SELECT AVG(Years_of_Experience) FROM employee_dataset WHERE Performance_Rating=5,"SELECT AVG(""Years_of_Experience"") FROM ""employee"" WHERE ""Performance_Rating"" = 5",AVG,AVG,True,True,True,True,False,0.01,0.51,unknown,
298,What's the lowest Percent Salary Hike recorded among employees?,employee_dataset,SELECT MIN(Percent_Salary_Hike) FROM employee_dataset,"SELECT MIN(""Percent_Salary_Hike"") FROM ""employee""",MIN,MIN,True,True,True,True,False,0.01,0.4,unknown,
299,How many employees are divorced?,employee_dataset,SELECT COUNT(*) FROM employee_dataset WHERE Marital_Status='Divorced',"SELECT COUNT(*) FROM ""employee""",COUNT,COUNT,True,True,True,False,False,0.01,0.52,result_mismatch,
300,What's the average Monthly Income of employees with a Master's degree?,employee_dataset,SELECT AVG(Monthly_Income) FROM employee_dataset WHERE Education='Masters',"SELECT AVG(""Monthly_Income"") FROM ""employee""",AVG,AVG,True,True,True,False,False,0.0,0.37,result_mismatch,
